title,image_src,body_html
Accessories,https://cdn.shopify.com/s/files/1/0932/1539/2035/files/EAC_RailingSystem_GlassRailingSystem_BaseShoe_Accessories.jpg?v=1759519712,Accessories — curated category featuring related products and components.
Accessories,https://cdn.shopify.com/s/files/1/0932/1539/2035/files/EAC_RailingSystem_GlassRailingSystem_Spigots_Accessories.jpg?v=1759519703,Accessories — curated category featuring related products and components.
Accessories,https://cdn.shopify.com/s/files/1/0932/1539/2035/files/EAC_RailingSystem_GlassRailingSystem_Standoffs_Accessories.jpg?v=1759519703,Accessories — curated category featuring related products and components.
Accessories,https://cdn.shopify.com/s/files/1/0932/1539/2035/files/EAC_RailingSystem_GlassRailingSystem_Posts_Accessories.jpg?v=1759519704,Accessories — curated category featuring related products and components.
Accessories,https://cdn.shopify.com/s/files/1/0932/1539/2035/files/Mini_Posts_-_Accessories.png?v=1753446603,Accessories — curated category featuring related products and components.
Accessories,https://cdn.shopify.com/s/files/1/0932/1539/2035/files/EAC_RailingSystem_GlassRailingSystem_GlassClips_Accessories.jpg?v=1759519710,Accessories — curated category featuring related products and components.
Accessories,https://cdn.shopify.com/s/files/1/0932/1539/2035/files/EAC_RailingSystem_GlassRailingSystem_GlassPanels_Accessories.jpg?v=1759519705,Accessories — curated category featuring related products and components.
Accessories,https://cdn.shopify.com/s/files/1/0932/1539/2035/files/EAC_Tools_PowerHandTools-Accessories_Accessories.jpg?v=1759519714,Accessories — curated category featuring related products and components.
Accessories,https://cdn.shopify.com/s/files/1/0932/1539/2035/files/EAC_Tools_WeldingMachines-Accessories_Accessories.jpg?v=1759519715,Accessories — curated category featuring related products and components.
Address Plaques / Numbers,https://cdn.shopify.com/s/files/1/0932/1539/2035/files/EAC_Tools_OutdoorHouseAccessories-Miscellaneous_AddressPlaque-Numbers.jpg?v=1759519715,Address Plaques / Numbers — curated category featuring related products and components.
Adhesives & Fillers For Wood,https://cdn.shopify.com/s/files/1/0932/1539/2035/files/EAC_Tools_ProductCare-Cleaners-Paints-Adhesives_Adhesives-WoodFillers.jpg?v=1759519714,Adhesives & Fillers For Wood — curated category featuring related products and components.
"Aluminum Cap Rails, Fittings & Connectors",https://cdn.shopify.com/s/files/1/0932/1539/2035/files/EAC_RailingSystem_GlassRailingSystem_GlassRailingTops-Fittings_AlumCapRails-Fittings-Connectors.jpg?v=1759519709,"Aluminum Cap Rails, Fittings & Connectors — curated category featuring related products and components."
Ball Caps & Post Caps,https://cdn.shopify.com/s/files/1/0932/1539/2035/files/EAC_FencingHardware-DecorativeComponents_BallCaps-PostCaps.jpg?v=1759519707,Ball Caps & Post Caps — curated category featuring related products and components.
Ball Inserts,https://cdn.shopify.com/s/files/1/0932/1539/2035/files/EAC_RailingSystem_StainlessSteelRailing-Components_Balusters_Accessories_efdadda9-d94c-47a3-a1e7-446c4977aa34.jpg?v=1759839836,Ball Inserts — curated category featuring related products and components.
Balls & Hemispheres,https://cdn.shopify.com/s/files/1/0932/1539/2035/files/EAC_FencingHardware-DecorativeComponents_Balls-Hemispheres.jpg?v=1759519710,Balls & Hemispheres — curated category featuring related products and components.
Balusters,https://cdn.shopify.com/s/files/1/0932/1539/2035/files/EAC_RailingSystem_StylesPrefinishedBalusterSystems_Balusters.jpg?v=1759519708,Balusters — curated category featuring related products and components.
Balusters,https://cdn.shopify.com/s/files/1/0932/1539/2035/files/EAC_RailingSystem_WoodRailingComponents_Balusters.jpg?v=1759519710,Balusters — curated category featuring related products and components.
Balusters,https://cdn.shopify.com/s/files/1/0932/1539/2035/files/EAC_RailingSystem_StainlessSteelRailing-Components_Balusters.jpg?v=1759519709,Balusters — curated category featuring related products and components.
Balusters,https://cdn.shopify.com/s/files/1/0932/1539/2035/files/EAC_RailingSystem_SteelRailing-Components_Balusters.jpg?v=1759519703,Balusters — curated category featuring related products and components.
Balusters,https://cdn.shopify.com/s/files/1/0932/1539/2035/files/EAC_RailingSystem_CastIronRailing-Components_Balusters.jpg?v=1759519703,Balusters — curated category featuring related products and components.
Balusters,https://cdn.shopify.com/s/files/1/0932/1539/2035/files/EAC_RailingSystem_AluminumRailing-Components_Balusters.jpg?v=1759519703,Balusters — curated category featuring related products and components.
Balusters,https://cdn.shopify.com/s/files/1/0932/1539/2035/files/EAC_RailingSystem_BrassRailingComponents_Balusters.jpg?v=1759519705,Balusters — curated category featuring related products and components.
Balusters & Accessories,https://cdn.shopify.com/s/files/1/0932/1539/2035/files/EAC_RailingSystem_StainlessSteelRailing-Components_Balusters.jpg?v=1759519709,Balusters & Accessories — curated category featuring related products and components.
Base Covers,https://cdn.shopify.com/s/files/1/0932/1539/2035/files/EAC_RailingSystem_AluminumRailing-Components_BaseCovers.jpg?v=1759519707,Base Covers — curated category featuring related products and components.
Base Shoes,https://cdn.shopify.com/s/files/1/0932/1539/2035/files/EAC_RailingSystem_GlassRailingSystem_BaseShoes.jpg?v=1759519711,Base Shoes — curated category featuring related products and components.
Baskets,https://cdn.shopify.com/s/files/1/0932/1539/2035/files/EAC_RailingSystem_SteelRailing-Components_Baskets.jpg?v=1759519705,Baskets — curated category featuring related products and components.
Blades,https://cdn.shopify.com/s/files/1/0932/1539/2035/files/EAC_Tools_Cutting-Grinding-PolishingSupplies_Blades.jpg?v=1759519710,Blades — curated category featuring related products and components.
Blankets / Aprons,https://cdn.shopify.com/s/files/1/0932/1539/2035/files/EAC_Tools_WeldingMachines-Accessories_BlanketsAprons.jpg?v=1759519715,Blankets / Aprons — curated category featuring related products and components.
Candle Plates & Cups,https://cdn.shopify.com/s/files/1/0932/1539/2035/files/EAC_RailingSystem_SteelRailing-Components_CandlePlates-Cups.jpg?v=1759519710,Candle Plates & Cups — curated category featuring related products and components.
Cane Bolts,https://cdn.shopify.com/s/files/1/0932/1539/2035/files/EAC_Fencing-Gates_GateHardware_CaneBolts.jpg?v=1759519703,Cane Bolts — curated category featuring related products and components.
Cement / Adhesive Anchoring,https://cdn.shopify.com/s/files/1/0932/1539/2035/files/EAC_Tools_FastenersRivets_Cement-AdhesiveAnchoring.jpg?v=1759519711,Cement / Adhesive Anchoring — curated category featuring related products and components.
Centre Locks,https://cdn.shopify.com/s/files/1/0932/1539/2035/files/EAC_ArchitecturalHardware_GlassDoorHardware_CentreLocks.jpg?v=1759519705,Centre Locks — curated category featuring related products and components.
Circular Inserts / Rings,https://cdn.shopify.com/s/files/1/0932/1539/2035/files/EAC_RailingSystem_SteelRailing-Components_CircularInserts-Rings.jpg?v=1759519709,Circular Inserts / Rings — curated category featuring related products and components.
Circular Inserts / Rings,https://cdn.shopify.com/s/files/1/0932/1539/2035/files/EAC_RailingSystem_CastIronRailing-Components_CircularInserts-Rings.jpg?v=1759519707,Circular Inserts / Rings — curated category featuring related products and components.
Clamps & Vice Grips,https://cdn.shopify.com/s/files/1/0932/1539/2035/files/EAC_Tools_HandTools-Accessories_Clamps-ViceGrips.jpg?v=1759519710,Clamps & Vice Grips — curated category featuring related products and components.
Closers,https://cdn.shopify.com/s/files/1/0932/1539/2035/files/EAC_Fencing-Gates_GateHardware_Closers.jpg?v=1759519709,Closers — curated category featuring related products and components.
Collars,https://cdn.shopify.com/s/files/1/0932/1539/2035/files/EAC_RailingSystem_StylesPrefinishedBalusterSystems_Collars.jpg?v=1759519710,Collars — curated category featuring related products and components.
Collars,https://cdn.shopify.com/s/files/1/0932/1539/2035/files/EAC_RailingSystem_WoodRailingComponents_Collars.jpg?v=1759519710,Collars — curated category featuring related products and components.
Collars,https://cdn.shopify.com/s/files/1/0932/1539/2035/files/EAC_RailingSystem_StainlessSteelRailing-Components_Collars.jpg?v=1759519707,Collars — curated category featuring related products and components.
Collars,https://cdn.shopify.com/s/files/1/0932/1539/2035/files/EAC_RailingSystem_SteelRailing-Components_Collars.jpg?v=1759519709,Collars — curated category featuring related products and components.
Collars,https://cdn.shopify.com/s/files/1/0932/1539/2035/files/EAC_RailingSystem_CastIronRailing-Components_Collars.jpg?v=1759519707,Collars — curated category featuring related products and components.
Collars,https://cdn.shopify.com/s/files/1/0932/1539/2035/files/EAC_RailingSystem_AluminumRailing-Components_Collars.jpg?v=1759519707,Collars — curated category featuring related products and components.
Colour Chips,https://cdn.shopify.com/s/files/1/0932/1539/2035/files/EAC_RailingSystem_StylesPrefinishedBalusterSystems_ColourChips.jpg?v=1759519711,Colour Chips — curated category featuring related products and components.
Concealed Kits,https://cdn.shopify.com/s/files/1/0932/1539/2035/files/EAC_RailingSystems_CableRail_Concealed.jpg?v=1759519710,Concealed Kits — curated category featuring related products and components.
Corner Brackets,https://cdn.shopify.com/s/files/1/0932/1539/2035/files/EAC_RailingSystem_CastIronRailing-Components_CornerBrackets.jpg?v=1759519710,Corner Brackets — curated category featuring related products and components.
Cut off Wheels,https://cdn.shopify.com/s/files/1/0932/1539/2035/files/EAC_Tools_Cutting-Grinding-PolishingSupplies_CutOffWheels.jpg?v=1759519712,Cut off Wheels — curated category featuring related products and components.
Cutters / Clippers / Saws,https://cdn.shopify.com/s/files/1/0932/1539/2035/files/EAC_Tools_HandTools-Accessories_Cutters-Clippers-Saws.jpg?v=1759519712,Cutters / Clippers / Saws — curated category featuring related products and components.
Cutting / Grinding / Polishing Supplies,https://cdn.shopify.com/s/files/1/0932/1539/2035/files/EAC_Tools_Cutting-Grinding-PolishingSupplies_FlapDiscs.jpg?v=1759519711,Cutting / Grinding / Polishing Supplies — curated category featuring related products and components.
Cutting Fluid,https://cdn.shopify.com/s/files/1/0932/1539/2035/files/EAC_Tools_Cutting-Grinding-PolishingSupplies_CuttingFluid.jpg?v=1759519711,Cutting Fluid — curated category featuring related products and components.
Decorative Inserts,https://cdn.shopify.com/s/files/1/0932/1539/2035/files/EAC_RailingSystem_SteelRailing-Components_DecorativeInserts.jpg?v=1759519708,Decorative Inserts — curated category featuring related products and components.
Decorative Inserts,https://cdn.shopify.com/s/files/1/0932/1539/2035/files/EAC_RailingSystem_CastIronRailing-Components_DecorativeInserts.jpg?v=1759519710,Decorative Inserts — curated category featuring related products and components.
Decorative Inserts,https://cdn.shopify.com/s/files/1/0932/1539/2035/files/EAC_RailingSystem_AluminumRailing-Components_DecorativeInserts.jpg?v=1759519705,Decorative Inserts — curated category featuring related products and components.
Door Handles & Knobs,https://cdn.shopify.com/s/files/1/0932/1539/2035/files/EAC_GlassShowerHardware_Handles-Knobs.jpg?v=1759850908,Door Handles & Knobs — curated category featuring related products and components.
Door Stops,https://cdn.shopify.com/s/files/1/0932/1539/2035/files/EAC_Fencing-Gates_GlassGateHardware_DoorStops.jpg?v=1759519703,Door Stops — curated category featuring related products and components.
Drill Presses,https://cdn.shopify.com/s/files/1/0932/1539/2035/files/EAC_Tools_Machinery-ForgingEquipment_DrillPresses.jpg?v=1759519714,Drill Presses — curated category featuring related products and components.
Electrodes,https://cdn.shopify.com/s/files/1/0932/1539/2035/files/EAC_Tools_WeldingMachines-Accessories_Electrodes.jpg?v=1759519715,Electrodes — curated category featuring related products and components.
Electronic Locks,https://cdn.shopify.com/s/files/1/0932/1539/2035/files/EAC_ArchitecturalHardware_GlassDoorHardware_ElectronicLocks.jpg?v=1759519707,Electronic Locks — curated category featuring related products and components.
Elite Posts,https://cdn.shopify.com/s/files/1/0932/1539/2035/files/EAC_RailingSystem_GlassRailingSystem_Posts_Elite.jpg?v=1759519703,Elite Posts — curated category featuring related products and components.
End Cap,https://cdn.shopify.com/s/files/1/0932/1539/2035/files/EAC_RailingSystem_SteelRailing-Components_EndCaps.jpg?v=1759856816,End Cap — curated category featuring related products and components.
Fasteners & Rivets,https://cdn.shopify.com/s/files/1/0932/1539/2035/files/EAC_Tools_FastenersRivets_WoodScrews.jpg?v=1759519710,Fasteners & Rivets — curated category featuring related products and components.
Finials & Spears,https://cdn.shopify.com/s/files/1/0932/1539/2035/files/EAC_FencingHardware-DecorativeComponents_Finials-Spears.jpg?v=1759519707,Finials & Spears — curated category featuring related products and components.
Finish / Trim / Jointers / Nosing,https://cdn.shopify.com/s/files/1/0932/1539/2035/files/EAC_RailingSystem_WoodRailingComponents_Finish-Trim-Jointers-Nosing.jpg?v=1759519711,Finish / Trim / Jointers / Nosing — curated category featuring related products and components.
Finisher Wheels,https://cdn.shopify.com/s/files/1/0932/1539/2035/files/EAC_Tools_Cutting-Grinding-PolishingSupplies_FinisherWheels.jpg?v=1759519711,Finisher Wheels — curated category featuring related products and components.
Fittings,https://cdn.shopify.com/s/files/1/0932/1539/2035/files/EAC_RailingSystems_CableRail_Fittings.jpg?v=1759519709,Fittings — curated category featuring related products and components.
Flanges / Covers / Base Plates,https://cdn.shopify.com/s/files/1/0932/1539/2035/files/EAC_RailingSystem_SteelRailing-Components_Flanges-Covers-BasePlates.jpg?v=1759519707,Flanges / Covers / Base Plates — curated category featuring related products and components.
Flanges / Covers / Base Plates,https://cdn.shopify.com/s/files/1/0932/1539/2035/files/EAC_RailingSystem_CastIronRailing-Components_Flanges-Covers-BasePlates.jpg?v=1759519711,Flanges / Covers / Base Plates — curated category featuring related products and components.
Flap Discs,https://cdn.shopify.com/s/files/1/0932/1539/2035/files/EAC_Tools_Cutting-Grinding-PolishingSupplies_FlapDiscs.jpg?v=1759519711,Flap Discs — curated category featuring related products and components.
Flat Bars - Stainless Steel,https://cdn.shopify.com/s/files/1/0932/1539/2035/files/EAC_RailingSystem_TubesRodsBars_FlatBars_SS.jpg?v=1759519709,Flat Bars - Stainless Steel — curated category featuring related products and components.
Flat Discs,https://cdn.shopify.com/s/files/1/0932/1539/2035/files/EAC_RailingSystem_SteelRailing-Components_FlatDiscs.jpg?v=1759519710,Flat Discs — curated category featuring related products and components.
Fliers / Chisels / Wire Brushes,https://cdn.shopify.com/s/files/1/0932/1539/2035/files/EAC_Tools_HandTools-Accessories_Fliers-Chisels-WireBrushes.jpg?v=1759519714,Fliers / Chisels / Wire Brushes — curated category featuring related products and components.
Forging Equipment,https://cdn.shopify.com/s/files/1/0932/1539/2035/files/EAC_Tools_Machinery-ForgingEquipment_ForgingEquipment.jpg?v=1759519714,Forging Equipment — curated category featuring related products and components.
Friezes & Valances,https://cdn.shopify.com/s/files/1/0932/1539/2035/files/EAC_RailingSystem_SteelRailing-Components_Friezes-Valances.jpg?v=1759519704,Friezes & Valances — curated category featuring related products and components.
Friezes & Valances,https://cdn.shopify.com/s/files/1/0932/1539/2035/files/EAC_RailingSystem_CastIronRailing-Components_Friezes-Valances.jpg?v=1759519707,Friezes & Valances — curated category featuring related products and components.
Friezes & Valances,https://cdn.shopify.com/s/files/1/0932/1539/2035/files/EAC_RailingSystem_AluminumRailing-Components_Friezes-Valances.jpg?v=1759519704,Friezes & Valances — curated category featuring related products and components.
Gate Hinges,https://cdn.shopify.com/s/files/1/0932/1539/2035/files/EAC_Fencing-Gates_GateHardware_Hinges.jpg?v=1759519705,Gate Hinges — curated category featuring related products and components.
Gate Latches,https://cdn.shopify.com/s/files/1/0932/1539/2035/files/EAC_Fencing-Gates_GateHardware_Latches.jpg?v=1759519707,Gate Latches — curated category featuring related products and components.
Gate Panels,https://cdn.shopify.com/s/files/1/0932/1539/2035/files/EAC_RailingSystem_GlassRailingSystem_GlassPanels_Gate.jpg?v=1759519704,Gate Panels — curated category featuring related products and components.
Gilders Paste,https://cdn.shopify.com/s/files/1/0932/1539/2035/files/EAC_Tools_ProductCare-Cleaners-Paints-Adhesives_GildersPaste.jpg?v=1759519715,Gilders Paste — curated category featuring related products and components.
Glass Clips,https://cdn.shopify.com/s/files/1/0932/1539/2035/files/EAC_RailingSystem_GlassRailingSystem_GlassClips.jpg?v=1759519707,Glass Clips — curated category featuring related products and components.
Glass Connectors,https://cdn.shopify.com/s/files/1/0932/1539/2035/files/Glass_Connectors.png?v=1753449004,Glass Connectors — curated category featuring related products and components.
Glass Connectors,https://cdn.shopify.com/s/files/1/0932/1539/2035/files/EAC_GlassShowerHardware_GlassConnectors.jpg?v=1759850710,Glass Connectors — curated category featuring related products and components.
Glass Connectors,https://cdn.shopify.com/s/files/1/0932/1539/2035/files/EAC_Fencing-Gates_GlassGateHardware_GlassConnectors.jpg?v=1759519706,Glass Connectors — curated category featuring related products and components.
Glass Panels,https://cdn.shopify.com/s/files/1/0932/1539/2035/files/EAC_RailingSystem_GlassRailingSystem_GlassPanels.jpg?v=1759519710,Glass Panels — curated category featuring related products and components.
Glass Panels,https://cdn.shopify.com/s/files/1/0932/1539/2035/files/EAC_Fencing-Gates_GlassGateHardware_GlassPanels.jpg?v=1759519703,Glass Panels — curated category featuring related products and components.
Glass Railing Tops & Fittings,https://cdn.shopify.com/s/files/1/0932/1539/2035/files/EAC_RailingSystem_GlassRailingSystem_GlassRailingTops-Fittings.jpg?v=1759519709,Glass Railing Tops & Fittings — curated category featuring related products and components.
Glass Wall Channel Kits,https://cdn.shopify.com/s/files/1/0932/1539/2035/files/EAC_ArchitecturalHardware_GlassWallSystems_Kits.jpg?v=1759519706,Glass Wall Channel Kits — curated category featuring related products and components.
Gloves,https://cdn.shopify.com/s/files/1/0932/1539/2035/files/EAC_Tools_WeldingMachines-Accessories_Gloves.jpg?v=1759519715,Gloves — curated category featuring related products and components.
Grinders & Sanders,https://cdn.shopify.com/s/files/1/0932/1539/2035/files/EAC_Tools_PowerHandTools-Accessories_GrindersSanders.jpg?v=1759519715,Grinders & Sanders — curated category featuring related products and components.
Grinding Wheels,https://cdn.shopify.com/s/files/1/0932/1539/2035/files/EAC_Tools_Cutting-Grinding-PolishingSupplies_GrindingWheels.jpg?v=1759519712,Grinding Wheels — curated category featuring related products and components.
Hammers & Pry Bars,https://cdn.shopify.com/s/files/1/0932/1539/2035/files/EAC_Tools_HandTools-Accessories_Hammers-PryBars.jpg?v=1759519713,Hammers & Pry Bars — curated category featuring related products and components.
Hand Drills,https://cdn.shopify.com/s/files/1/0932/1539/2035/files/EAC_Tools_PowerHandTools-Accessories_HandDrills.jpg?v=1759519714,Hand Drills — curated category featuring related products and components.
Hand Tools & Accessories,https://cdn.shopify.com/s/files/1/0932/1539/2035/files/EAC_Tools_HandTools-Accessories_Pliers-Wrenches.jpg?v=1759519715,Hand Tools & Accessories — curated category featuring related products and components.
Handles,https://cdn.shopify.com/s/files/1/0932/1539/2035/files/EAC_ArchitecturalHardware_GlassDoorHardware_Handles.jpg?v=1759519706,Handles — curated category featuring related products and components.
Handles,https://cdn.shopify.com/s/files/1/0932/1539/2035/files/EAC_Fencing-Gates_GateHardware_Handles.jpg?v=1759519709,Handles — curated category featuring related products and components.
Handrail Attachment Plates,https://cdn.shopify.com/s/files/1/0932/1539/2035/files/EAC_RailingSystem_StainlessSteelRailing-Components_HandrailsComponents_HandrailAttachmentPlates.jpg?v=1759519704,Handrail Attachment Plates — curated category featuring related products and components.
Handrail Brackets,https://cdn.shopify.com/s/files/1/0932/1539/2035/files/EAC_RailingSystem_GlassRailingSystem_HandrailComponents_HandrailBrackets.jpg?v=1759519704,Handrail Brackets — curated category featuring related products and components.
Handrail Brackets,https://cdn.shopify.com/s/files/1/0932/1539/2035/files/EAC_RailingSystem_StylesPrefinishedBalusterSystems_HandrailBrackets.jpg?v=1759519709,Handrail Brackets — curated category featuring related products and components.
Handrail Brackets,https://cdn.shopify.com/s/files/1/0932/1539/2035/files/EAC_RailingSystem_SteelRailing-Components_HandrailBrackets.jpg?v=1759856671,Handrail Brackets — curated category featuring related products and components.
Handrail Brackets,https://cdn.shopify.com/s/files/1/0932/1539/2035/files/EAC_RailingSystem_CastIronRailing-Components_HandrailBrackets.jpg?v=1759519709,Handrail Brackets — curated category featuring related products and components.
Handrail Brackets,https://cdn.shopify.com/s/files/1/0932/1539/2035/files/EAC_RailingSystem_AluminumRailing-Components_Handrail-Fittings-Accessories.jpg?v=1759519704,Handrail Brackets — curated category featuring related products and components.
Handrail Connectors,https://cdn.shopify.com/s/files/1/0932/1539/2035/files/EAC_RailingSystem_StainlessSteelRailing-Components_HandrailsComponents_HandrailConnectors.jpg?v=1759519706,Handrail Connectors — curated category featuring related products and components.
Handrail Fittings,https://cdn.shopify.com/s/files/1/0932/1539/2035/files/EAC_RailingSystem_SteelRailing-Components_HandrailFittings.jpg?v=1759856641,Handrail Fittings — curated category featuring related products and components.
Handrails,https://cdn.shopify.com/s/files/1/0932/1539/2035/files/EAC_RailingSystem_StainlessSteelRailing-Components_HandrailsComponents_Handrails.jpg?v=1759519706,Handrails — curated category featuring related products and components.
Handrails,https://cdn.shopify.com/s/files/1/0932/1539/2035/files/EAC_RailingSystem_SteelRailing-Components_Handrails-Fittings-Accessories.jpg?v=1759519704,Handrails — curated category featuring related products and components.
Handrails & Components,https://cdn.shopify.com/s/files/1/0932/1539/2035/files/EAC_RailingSystem_StainlessSteelRailing-Components_HandrailsComponents.jpg?v=1759519705,Handrails & Components — curated category featuring related products and components.
Handrails & Components,https://cdn.shopify.com/s/files/1/0932/1539/2035/files/EAC_RailingSystem_SteelRailing-Components_Handrails-Fittings-Accessories.jpg?v=1759519704,Handrails & Components — curated category featuring related products and components.
Handrails & Components,https://cdn.shopify.com/s/files/1/0932/1539/2035/files/EAC_RailingSystem_BrassRailingComponents_Handrails-Fittings.jpg?v=1759519707,Handrails & Components — curated category featuring related products and components.
Handrails & fittings,https://cdn.shopify.com/s/files/1/0932/1539/2035/files/EAC_RailingSystem_WoodRailingComponents_Handrails.jpg?v=1759519711,Handrails & fittings — curated category featuring related products and components.
Hanger Bolts,https://cdn.shopify.com/s/files/1/0932/1539/2035/files/EAC_Tools_FastenersRivets_HangerBolts.jpg?v=1759519709,Hanger Bolts — curated category featuring related products and components.
Heavy Duty Ultra Slim Series,https://cdn.shopify.com/s/files/1/0932/1539/2035/files/Glass_Connectors_-_Heavy_Duty_Ultra_Slim_Series_-_Adjustable_Glass_to_Glass.png?v=1753452098,Heavy Duty Ultra Slim Series — curated category featuring related products and components.
Heavy-Duty,https://cdn.shopify.com/s/files/1/0932/1539/2035/files/Posts_-_Heavy_Duty_Posts.png?v=1753447921,Heavy-Duty — curated category featuring related products and components.
Heavy-Duty Glass Connectors,https://cdn.shopify.com/s/files/1/0932/1539/2035/files/EAC_ArchitecturalHardware_GlassCanopySystems_Connectors.jpg?v=1759519704,Heavy-Duty Glass Connectors — curated category featuring related products and components.
Heavy-Duty Spiders,https://cdn.shopify.com/s/files/1/0932/1539/2035/files/EAC_ArchitecturalHardware_GlassCanopySystems_Spiders.jpg?v=1759519704,Heavy-Duty Spiders — curated category featuring related products and components.
Helmets,https://cdn.shopify.com/s/files/1/0932/1539/2035/files/EAC_Tools_WeldingMachines-Accessories_Helmets.jpg?v=1759519715,Helmets — curated category featuring related products and components.
Hinge Panels,https://cdn.shopify.com/s/files/1/0932/1539/2035/files/EAC_RailingSystem_GlassRailingSystem_GlassPanels_Hinge.jpg?v=1759519704,Hinge Panels — curated category featuring related products and components.
Hinges,https://cdn.shopify.com/s/files/1/0932/1539/2035/files/EAC_Fencing-Gates_GlassGateHardware_Hinges.jpg?v=1759519705,Hinges — curated category featuring related products and components.
Installation Components,https://cdn.shopify.com/s/files/1/0932/1539/2035/files/EAC_RailingSystem_StylesPrefinishedBalusterSystems_InstallMethods.jpg?v=1759519710,Installation Components — curated category featuring related products and components.
Installation Components,https://cdn.shopify.com/s/files/1/0932/1539/2035/files/EAC_RailingSystem_StainlessSteelRailing-Components_Balusters_Accessories.jpg?v=1759519706,Installation Components — curated category featuring related products and components.
Ironworkers,https://cdn.shopify.com/s/files/1/0932/1539/2035/files/EAC_Tools_Machinery-ForgingEquipment_Iromworkers.jpg?v=1759519715,Ironworkers — curated category featuring related products and components.
Lag Bolts,https://cdn.shopify.com/s/files/1/0932/1539/2035/files/EAC_Tools_FastenersRivets_LagBolts.jpg?v=1759519709,Lag Bolts — curated category featuring related products and components.
Large Glass Clips,https://cdn.shopify.com/s/files/1/0932/1539/2035/files/EAC_RailingSystem_GlassRailingSystem_GlassClips_Large_75c0d50f-7c6e-4f32-a934-e79f7c959d2c.jpg?v=1759839745,Large Glass Clips — curated category featuring related products and components.
Latches,https://cdn.shopify.com/s/files/1/0932/1539/2035/files/EAC_Fencing-Gates_GlassGateHardware_Latches.jpg?v=1759519707,Latches — curated category featuring related products and components.
Leaves / Flowers,https://cdn.shopify.com/s/files/1/0932/1539/2035/files/EAC_RailingSystem_CastIronRailing-Components_Leaves-Flowers.jpg?v=1759519709,Leaves / Flowers — curated category featuring related products and components.
Leaves / Flowers / Stampings,https://cdn.shopify.com/s/files/1/0932/1539/2035/files/EAC_RailingSystem_SteelRailing-Components_Leaves-Flowers-Stampings.jpg?v=1759519705,Leaves / Flowers / Stampings — curated category featuring related products and components.
Lighting,https://cdn.shopify.com/s/files/1/0932/1539/2035/files/EAC_Tools_OutdoorHouseAccessories-Miscellaneous_Lighting.jpg?v=1759519715,Lighting — curated category featuring related products and components.
Lock Boxes,https://cdn.shopify.com/s/files/1/0932/1539/2035/files/EAC_Fencing-Gates_GateHardware_LockBoxes.jpg?v=1759519705,Lock Boxes — curated category featuring related products and components.
Lock Sets,https://cdn.shopify.com/s/files/1/0932/1539/2035/files/EAC_Fencing-Gates_GateHardware_LockSets.jpg?v=1759519705,Lock Sets — curated category featuring related products and components.
LumaRail LED Lighting Systems,https://cdn.shopify.com/s/files/1/0932/1539/2035/files/EAC_RailingSystem_StainlessSteelRailing-Components_HandrailsComponents_LumaRail.jpg?v=1759519711,LumaRail LED Lighting Systems — curated category featuring related products and components.
Machine Screws / Nuts / Washers,https://cdn.shopify.com/s/files/1/0932/1539/2035/files/EAC_Tools_FastenersRivets_MachineScrews-Nuts-Washers.jpg?v=1759519710,Machine Screws / Nuts / Washers — curated category featuring related products and components.
Machinery & Forging Equipment,https://cdn.shopify.com/s/files/1/0932/1539/2035/files/EAC_Tools_Machinery-ForgingEquipment_Saws.jpg?v=1759519715,Machinery & Forging Equipment — curated category featuring related products and components.
Magnetic Core Drills,https://cdn.shopify.com/s/files/1/0932/1539/2035/files/EAC_Tools_PowerHandTools-Accessories_MagneticCoreDrills.jpg?v=1759519715,Magnetic Core Drills — curated category featuring related products and components.
Magnetic Locks,https://cdn.shopify.com/s/files/1/0932/1539/2035/files/EAC_ArchitecturalHardware_GlassDoorHardware_MagneticLocks.jpg?v=1759519710,Magnetic Locks — curated category featuring related products and components.
Mailboxes,https://cdn.shopify.com/s/files/1/0932/1539/2035/files/EAC_Tools_OutdoorHouseAccessories-Miscellaneous_Mailboxes.jpg?v=1759519715,Mailboxes — curated category featuring related products and components.
Measuring & Marking,https://cdn.shopify.com/s/files/1/0932/1539/2035/files/EAC_Tools_HandTools-Accessories_Measuring-Marking.jpg?v=1759519714,Measuring & Marking — curated category featuring related products and components.
Metal Fasteners,https://cdn.shopify.com/s/files/1/0932/1539/2035/files/EAC_Tools_FastenersRivets_MachineFasteners.jpg?v=1759519711,Metal Fasteners — curated category featuring related products and components.
Mini Posts,https://cdn.shopify.com/s/files/1/0932/1539/2035/files/Mini_Posts.png?v=1753446403,Mini Posts — curated category featuring related products and components.
Miscellaneous,https://cdn.shopify.com/s/files/1/0932/1539/2035/files/EAC_RailingSystem_CastIronRailing-Components_Miscellaneous.jpg?v=1759519710,Miscellaneous — curated category featuring related products and components.
Miscellaneous,https://cdn.shopify.com/s/files/1/0932/1539/2035/files/EAC_Tools_HandTools-Accessories_Miscellaneous.jpg?v=1759519715,Miscellaneous — curated category featuring related products and components.
Multi Tools,https://cdn.shopify.com/s/files/1/0932/1539/2035/files/EAC_Tools_PowerHandTools-Accessories_MultiTools.jpg?v=1759519715,Multi Tools — curated category featuring related products and components.
Notching & Polishing,https://cdn.shopify.com/s/files/1/0932/1539/2035/files/EAC_Tools_Machinery-ForgingEquipment_Notching-Polishing.jpg?v=1759519714,Notching & Polishing — curated category featuring related products and components.
Outdoor House Accessories / Miscellaneous,https://cdn.shopify.com/s/files/1/0932/1539/2035/files/EAC_Tools_OutdoorHouseAccessories-Miscellaneous_Lighting.jpg?v=1759519715,Outdoor House Accessories / Miscellaneous — curated category featuring related products and components.
Paints,https://cdn.shopify.com/s/files/1/0932/1539/2035/files/EAC_Tools_ProductCare-Cleaners-Paints-Adhesives_Paints.jpg?v=1759519714,Paints — curated category featuring related products and components.
Panels,https://cdn.shopify.com/s/files/1/0932/1539/2035/files/EAC_RailingSystem_SteelRailing-Components_Panels.jpg?v=1759519709,Panels — curated category featuring related products and components.
Panels,https://cdn.shopify.com/s/files/1/0932/1539/2035/files/EAC_RailingSystem_CastIronRailing-Components_Panels.jpg?v=1759519709,Panels — curated category featuring related products and components.
Panels,https://cdn.shopify.com/s/files/1/0932/1539/2035/files/EAC_RailingSystem_AluminumRailing-Components_Panels.jpg?v=1759519705,Panels — curated category featuring related products and components.
Patch Fittings,https://cdn.shopify.com/s/files/1/0932/1539/2035/files/EAC_ArchitecturalHardware_GlassDoorHardware_PatchFittings.jpg?v=1759519708,Patch Fittings — curated category featuring related products and components.
Pipe Elbows,https://cdn.shopify.com/s/files/1/0932/1539/2035/files/EAC_RailingSystem_SteelRailing-Components_PipeElbows-EndCaps.jpg?v=1759519710,Pipe Elbows — curated category featuring related products and components.
Pipe Elbows / End Caps,https://cdn.shopify.com/s/files/1/0932/1539/2035/files/EAC_RailingSystem_SteelRailing-Components_PipeElbows-EndCaps_6675b1b9-2fcb-4120-a13f-d4131032f963.jpg?v=1759856780,Pipe Elbows / End Caps — curated category featuring related products and components.
Plain Panels,https://cdn.shopify.com/s/files/1/0932/1539/2035/files/EAC_RailingSystem_GlassRailingSystem_GlassPanels_Plain.jpg?v=1759519704,Plain Panels — curated category featuring related products and components.
Plastic Caps,https://cdn.shopify.com/s/files/1/0932/1539/2035/files/EAC_FencingHardware-DecorativeComponents_PlasticCaps.jpg?v=1759519709,Plastic Caps — curated category featuring related products and components.
Pliers & Wrenches,https://cdn.shopify.com/s/files/1/0932/1539/2035/files/EAC_Tools_HandTools-Accessories_Pliers-Wrenches.jpg?v=1759519715,Pliers & Wrenches — curated category featuring related products and components.
Plugs,https://cdn.shopify.com/s/files/1/0932/1539/2035/files/EAC_Tools_FastenersRivets_Plugs.jpg?v=1759519709,Plugs — curated category featuring related products and components.
Post Caps,https://cdn.shopify.com/s/files/1/0932/1539/2035/files/EAC_RailingSystem_WoodRailingComponents_Posts_Accessories.jpg?v=1759519711,Post Caps — curated category featuring related products and components.
Posts,https://cdn.shopify.com/s/files/1/0932/1539/2035/files/EAC_RailingSystem_GlassRailingSystem_Posts.jpg?v=1759519705,Posts — curated category featuring related products and components.
Posts,https://cdn.shopify.com/s/files/1/0932/1539/2035/files/EAC_RailingSystem_WoodRailingComponents_Posts.jpg?v=1759519710,Posts — curated category featuring related products and components.
Posts,https://cdn.shopify.com/s/files/1/0932/1539/2035/files/EAC_RailingSystem_StainlessSteelRailing-Components_Posts.jpg?v=1759519705,Posts — curated category featuring related products and components.
Posts,https://cdn.shopify.com/s/files/1/0932/1539/2035/files/EAC_RailingSystem_SteelRailing-Components_Posts.jpg?v=1759519706,Posts — curated category featuring related products and components.
Posts,https://cdn.shopify.com/s/files/1/0932/1539/2035/files/EAC_RailingSystem_CastIronRailing-Components_Posts.jpg?v=1759519703,Posts — curated category featuring related products and components.
Posts,https://cdn.shopify.com/s/files/1/0932/1539/2035/files/EAC_Fencing-Gates_GlassGateHardware_Posts.jpg?v=1759519703,Posts — curated category featuring related products and components.
Power Hand Tools & Accessories,https://cdn.shopify.com/s/files/1/0932/1539/2035/files/EAC_Tools_PowerHandTools-Accessories_HandDrills.jpg?v=1759519714,Power Hand Tools & Accessories — curated category featuring related products and components.
Product Care / Cleaners,https://cdn.shopify.com/s/files/1/0932/1539/2035/files/EAC_Tools_ProductCare-Cleaners-Paints-Adhesives_ProductCare-Cleaners.jpg?v=1759519714,Product Care / Cleaners — curated category featuring related products and components.
Product Care / Cleaners / Paints / Adhesives,https://cdn.shopify.com/s/files/1/0932/1539/2035/files/EAC_Tools_ProductCare-Cleaners-Paints-Adhesives.jpg?v=1759851144,Product Care / Cleaners / Paints / Adhesives — curated category featuring related products and components.
Ring Rollers,https://cdn.shopify.com/s/files/1/0932/1539/2035/files/EAC_Tools_Machinery-ForgingEquipment_RingRoller.jpg?v=1759519714,Ring Rollers — curated category featuring related products and components.
Rivets,https://cdn.shopify.com/s/files/1/0932/1539/2035/files/EAC_Tools_FastenersRivets_Rivets.jpg?v=1759519710,Rivets — curated category featuring related products and components.
Rod Connectors,https://cdn.shopify.com/s/files/1/0932/1539/2035/files/EAC_RailingSystem_GlassRailingSystem_HandrailComponents_HandrailConnectors.jpg?v=1759519704,Rod Connectors — curated category featuring related products and components.
Rods - Stainless Steel,https://cdn.shopify.com/s/files/1/0932/1539/2035/files/EAC_RailingSystem_TubesRodsBars_Rods_SS.jpg?v=1759519709,Rods - Stainless Steel — curated category featuring related products and components.
Rosettes,https://cdn.shopify.com/s/files/1/0932/1539/2035/files/EAC_RailingSystem_SteelRailing-Components_Rosettes.jpg?v=1759519711,Rosettes — curated category featuring related products and components.
Rosettes,https://cdn.shopify.com/s/files/1/0932/1539/2035/files/EAC_RailingSystem_CastIronRailing-Components_Rosettes.jpg?v=1759519709,Rosettes — curated category featuring related products and components.
Rosettes,https://cdn.shopify.com/s/files/1/0932/1539/2035/files/EAC_RailingSystem_BrassRailingComponents_Rosettes.jpg?v=1759519710,Rosettes — curated category featuring related products and components.
Safety & Protective Gear,https://cdn.shopify.com/s/files/1/0932/1539/2035/files/EAC_Tools_HandTools-Accessories_Safety-ProtectiveGear.jpg?v=1759519714,Safety & Protective Gear — curated category featuring related products and components.
Sanding Discs,https://cdn.shopify.com/s/files/1/0932/1539/2035/files/EAC_Tools_Cutting-Grinding-PolishingSupplies_SandingDiscs.jpg?v=1759519712,Sanding Discs — curated category featuring related products and components.
Saws,https://cdn.shopify.com/s/files/1/0932/1539/2035/files/EAC_Tools_Machinery-ForgingEquipment_Saws.jpg?v=1759519715,Saws — curated category featuring related products and components.
Screwdrivers & Accessories,https://cdn.shopify.com/s/files/1/0932/1539/2035/files/EAC_Tools_HandTools-Accessories_Screwdrivers-Accessories.jpg?v=1759519714,Screwdrivers & Accessories — curated category featuring related products and components.
Scrolls,https://cdn.shopify.com/s/files/1/0932/1539/2035/files/EAC_RailingSystem_SteelRailing-Components_Scrolls.jpg?v=1759519709,Scrolls — curated category featuring related products and components.
Sealing Sweeps,https://cdn.shopify.com/s/files/1/0932/1539/2035/files/EAC_GlassShowerHardware_SealingSweeps.jpg?v=1759851027,Sealing Sweeps — curated category featuring related products and components.
Shoes,https://cdn.shopify.com/s/files/1/0932/1539/2035/files/EAC_RailingSystem_StylesPrefinishedBalusterSystems_Shoes.jpg?v=1759519710,Shoes — curated category featuring related products and components.
Shoes,https://cdn.shopify.com/s/files/1/0932/1539/2035/files/EAC_RailingSystem_StainlessSteelRailing-Components_Shoes.jpg?v=1759519706,Shoes — curated category featuring related products and components.
Shoes,https://cdn.shopify.com/s/files/1/0932/1539/2035/files/EAC_RailingSystem_SteelRailing-Components_Shoes.jpg?v=1759519711,Shoes — curated category featuring related products and components.
Shoes,https://cdn.shopify.com/s/files/1/0932/1539/2035/files/EAC_RailingSystem_CastIronRailing-Components_Shoes.jpg?v=1759519710,Shoes — curated category featuring related products and components.
Shoes,https://cdn.shopify.com/s/files/1/0932/1539/2035/files/EAC_RailingSystem_AluminumRailing-Components_Shoes.jpg?v=1759519705,Shoes — curated category featuring related products and components.
Shoes,https://cdn.shopify.com/s/files/1/0932/1539/2035/files/EAC_RailingSystem_BrassRailingComponents_Shoes.jpg?v=1759519710,Shoes — curated category featuring related products and components.
Shower Channels,https://cdn.shopify.com/s/files/1/0932/1539/2035/files/Shower_Header_Channe.png?v=1743431374,Shower Channels — curated category featuring related products and components.
Shower Door Kits,https://cdn.shopify.com/s/files/1/0932/1539/2035/files/EAC_GlassShowerHardware_ShowerDoorKits.jpg?v=1759851075,Shower Door Kits — curated category featuring related products and components.
Shower Gaskets,https://cdn.shopify.com/s/files/1/0932/1539/2035/files/EAC_GlassShowerHardware_ShowerGasket.jpg?v=1759851085,Shower Gaskets — curated category featuring related products and components.
Side Mount,https://cdn.shopify.com/s/files/1/0932/1539/2035/files/mini_posts_-_side_mount.png?v=1753446530,Side Mount — curated category featuring related products and components.
Sleeve Anchors,https://cdn.shopify.com/s/files/1/0932/1539/2035/files/EAC_Tools_FastenersRivets_SleeveAnchors.jpg?v=1759519709,Sleeve Anchors — curated category featuring related products and components.
Sleeve Over Glass Clamps,https://cdn.shopify.com/s/files/1/0932/1539/2035/files/EAC_GlassShowerHardware_SleeveOverGlassClamps.jpg?v=1759850757,Sleeve Over Glass Clamps — curated category featuring related products and components.
Sliding Door Systems,https://cdn.shopify.com/s/files/1/0932/1539/2035/files/EAC_ArchitecturalHardware_GlassDoorHardware_SlidingDoorSystem.jpg?v=1759519705,Sliding Door Systems — curated category featuring related products and components.
Small Glass Clips,https://cdn.shopify.com/s/files/1/0932/1539/2035/files/EAC_RailingSystem_GlassRailingSystem_GlassClips_Small_8b03e9be-5516-43d7-82b4-53ba34c5dd15.jpg?v=1759839745,Small Glass Clips — curated category featuring related products and components.
Spigots,https://cdn.shopify.com/s/files/1/0932/1539/2035/files/EAC_RailingSystem_GlassRailingSystem_Spigots.jpg?v=1759519706,Spigots — curated category featuring related products and components.
Stainless Steel Cap Rails & Fittings,https://cdn.shopify.com/s/files/1/0932/1539/2035/files/EAC_RailingSystem_GlassRailingSystem_GlassRailingTops-Fittings_SSCapRails-Fittings.jpg?v=1759519709,Stainless Steel Cap Rails & Fittings — curated category featuring related products and components.
Standard,https://cdn.shopify.com/s/files/1/0932/1539/2035/files/EAC_RailingSystem_GlassRailingSystem_Spigots_Standard.jpg?v=1759519705,Standard — curated category featuring related products and components.
Standard,https://cdn.shopify.com/s/files/1/0932/1539/2035/files/EAC_RailingSystem_GlassRailingSystem_Standoffs_Standard.jpg?v=1759519705,Standard — curated category featuring related products and components.
Standard,https://cdn.shopify.com/s/files/1/0932/1539/2035/files/EAC_RailingSystem_GlassRailingSystem_Posts_Standard.jpg?v=1759519703,Standard — curated category featuring related products and components.
Standard,https://cdn.shopify.com/s/files/1/0932/1539/2035/files/Glass_Connectors_-_Standard.png?v=1753449074,Standard — curated category featuring related products and components.
Standard Channels,https://cdn.shopify.com/s/files/1/0932/1539/2035/files/EAC_ArchitecturalHardware_GlassWallSystems_Standard.jpg?v=1759519706,Standard Channels — curated category featuring related products and components.
Standard Kits,https://cdn.shopify.com/s/files/1/0932/1539/2035/files/EAC_RailingSystems_CableRail_Standard.jpg?v=1759519709,Standard Kits — curated category featuring related products and components.
Standard Ultra Slim Series,https://cdn.shopify.com/s/files/1/0932/1539/2035/files/Glass_Connectors_-_Standard_Ultra_Slim_Series.png?v=1753449664,Standard Ultra Slim Series — curated category featuring related products and components.
Standoffs,https://cdn.shopify.com/s/files/1/0932/1539/2035/files/EAC_RailingSystem_GlassRailingSystem_Standoffs.jpg?v=1759519707,Standoffs — curated category featuring related products and components.
Steel Bars / Tubing,https://cdn.shopify.com/s/files/1/0932/1539/2035/files/EAC_RailingSystem_SteelRailing-Components_SteelBars-Tubing.jpg?v=1759519709,Steel Bars / Tubing — curated category featuring related products and components.
Straps & Cords,https://cdn.shopify.com/s/files/1/0932/1539/2035/files/EAC_Tools_HandTools-Accessories_Straps-Cords.jpg?v=1759519715,Straps & Cords — curated category featuring related products and components.
Thick Glass Clips,https://cdn.shopify.com/s/files/1/0932/1539/2035/files/EAC_RailingSystem_GlassRailingSystem_GlassClips_Thick.jpg?v=1759839745,Thick Glass Clips — curated category featuring related products and components.
Threaded Rods / Studs,https://cdn.shopify.com/s/files/1/0932/1539/2035/files/EAC_Tools_FastenersRivets_ThreadedRods-Studs.jpg?v=1759519709,Threaded Rods / Studs — curated category featuring related products and components.
Tilt-Lock,https://cdn.shopify.com/s/files/1/0932/1539/2035/files/Base_Shoe_-_M4.png?v=1753443651,Tilt-Lock — curated category featuring related products and components.
Tilt-Lock,https://cdn.shopify.com/s/files/1/0932/1539/2035/files/EAC_RailingSystem_GlassRailingSystem_Spigots_TiltLock.jpg?v=1759519706,Tilt-Lock — curated category featuring related products and components.
Tilt-Lock,https://cdn.shopify.com/s/files/1/0932/1539/2035/files/EAC_RailingSystem_GlassRailingSystem_Standoffs_TiltLock.jpg?v=1759519705,Tilt-Lock — curated category featuring related products and components.
Tools & Accessories,https://cdn.shopify.com/s/files/1/0932/1539/2035/files/EAC_RailingSystems_CableRail_Tools-Accessories.jpg?v=1759519710,Tools & Accessories — curated category featuring related products and components.
Tools & Accessories,https://cdn.shopify.com/s/files/1/0932/1539/2035/files/EAC_RailingSystem_VinylHandrail-Essentails_Tools-Accessories.jpg?v=1759519711,Tools & Accessories — curated category featuring related products and components.
Top Channels & Fittings,https://cdn.shopify.com/s/files/1/0932/1539/2035/files/EAC_RailingSystem_GlassRailingSystem_GlassRailingTops-Fittings_TopChannels-Fittings.jpg?v=1759519707,Top Channels & Fittings — curated category featuring related products and components.
Top Edge Covers,https://cdn.shopify.com/s/files/1/0932/1539/2035/files/EAC_RailingSystem_GlassRailingSystem_GlassRailingTops-Fittings_TopEdgeCovers.jpg?v=1759519704,Top Edge Covers — curated category featuring related products and components.
Top Mount,https://cdn.shopify.com/s/files/1/0932/1539/2035/files/mini_posts_-_top_mount.png?v=1753446467,Top Mount — curated category featuring related products and components.
Torpedo Bolts / Scru-it’s / Pin Bolts,https://cdn.shopify.com/s/files/1/0932/1539/2035/files/EAC_Tools_FastenersRivets_TorpedoBolts-Scruits-PinBolts.jpg?v=1759519710,Torpedo Bolts / Scru-it’s / Pin Bolts — curated category featuring related products and components.
Towel Holders,https://cdn.shopify.com/s/files/1/0932/1539/2035/files/EAC_GlassShowerHardware_TowelHanger.jpg?v=1759851003,Towel Holders — curated category featuring related products and components.
Tube Supports,https://cdn.shopify.com/s/files/1/0932/1539/2035/files/EAC_RailingSystem_GlassRailingSystem_HandrailComponents_TubeSupports.jpg?v=1759519704,Tube Supports — curated category featuring related products and components.
Tubes - Stainless Steel,https://cdn.shopify.com/s/files/1/0932/1539/2035/files/EAC_RailingSystem_TubesRodsBars_Tubes_SS.jpg?v=1759519708,Tubes - Stainless Steel — curated category featuring related products and components.
Under Cabinet Stemware Holders,https://cdn.shopify.com/s/files/1/0932/1539/2035/files/EAC_ArchitecturalHardware_ArchitecturalAccents_StemwareHolders.jpg?v=1759519704,Under Cabinet Stemware Holders — curated category featuring related products and components.
Universal Brackets,https://cdn.shopify.com/s/files/1/0932/1539/2035/files/EAC_FencingHardware-DecorativeComponents_UniversalBrackets.jpg?v=1759519705,Universal Brackets — curated category featuring related products and components.
Vinyl Handrail,https://cdn.shopify.com/s/files/1/0932/1539/2035/files/EAC_RailingSystem_VinylHandrail-Essentials_VinylHandrail.jpg?v=1759519710,Vinyl Handrail — curated category featuring related products and components.
Wedge Anchors,https://cdn.shopify.com/s/files/1/0932/1539/2035/files/EAC_Tools_FastenersRivets_WedgeAnchors.jpg?v=1759519709,Wedge Anchors — curated category featuring related products and components.
Weld Tabs / Accessories,https://cdn.shopify.com/s/files/1/0932/1539/2035/files/EAC_RailingSystem_SteelRailing-Components_WeldTab-Accessories.jpg?v=1759856746,Weld Tabs / Accessories — curated category featuring related products and components.
Welding Machines,https://cdn.shopify.com/s/files/1/0932/1539/2035/files/EAC_Tools_WeldingMachines-Accessories_WeldingMachinges.jpg?v=1759519715,Welding Machines — curated category featuring related products and components.
Welding Machines & Accessories,https://cdn.shopify.com/s/files/1/0932/1539/2035/files/EAC_Tools_WeldingMachines-Accessories.jpg?v=1759851131,Welding Machines & Accessories — curated category featuring related products and components.
Wine Pegs,https://cdn.shopify.com/s/files/1/0932/1539/2035/files/EAC_ArchitecturalHardware_ArchitecturalAccents_WinePegs.jpg?v=1759519706,Wine Pegs — curated category featuring related products and components.
Wires,https://cdn.shopify.com/s/files/1/0932/1539/2035/files/EAC_Tools_WeldingMachines-Accessories_Wires.jpg?v=1759519715,Wires — curated category featuring related products and components.
Wood Racks,https://cdn.shopify.com/s/files/1/0932/1539/2035/files/EAC_ArchitecturalHardware_ArchitecturalAccents_WoodRacks.jpg?v=1759519711,Wood Racks — curated category featuring related products and components.
Wood Screws,https://cdn.shopify.com/s/files/1/0932/1539/2035/files/EAC_Tools_FastenersRivets_WoodScrews.jpg?v=1759519710,Wood Screws — curated category featuring related products and components.
Z-Shaped Moulding,https://cdn.shopify.com/s/files/1/0932/1539/2035/files/EAC_ArchitecturalHardware_ArchitecturalAccents_ZShapeMoulding.jpg?v=1759519707,Z-Shaped Moulding — curated category featuring related products and components.